transaction_id,card_id,timestamp,amount,merchant_category,country,card_present,is_fraud
txn_0000000,card_00636,2026-01-22T11:08:54Z,72.52,atm_withdrawal,DE,False,False
txn_0000001,card_00684,2026-01-12T14:59:39Z,153.05,electronics,SG,False,True
txn_0000002,card_00287,2026-01-21T17:22:59Z,285.3,fuel,DE,False,False
txn_0000003,card_00287,2026-01-12T16:46:57Z,197.17,entertainment,SG,True,False
txn_0000004,card_00177,2026-01-23T03:26:00Z,93.66,online_retail,DE,True,False
txn_0000005,card_00163,2026-01-21T21:03:10Z,7.42,pharmacy,US,True,False
txn_0000006,card_00481,2026-01-09T01:28:24Z,315.18,pharmacy,IN,False,False
txn_0000007,card_00544,2026-01-08T17:38:17Z,133.83,entertainment,GB,True,False
txn_0000008,card_00733,2026-01-26T08:49:20Z,20.26,online_retail,AE,True,False
txn_0000009,card_00519,2026-01-27T04:05:34Z,93.32,atm_withdrawal,IN,False,False
txn_0000010,card_00861,2026-01-14T01:54:28Z,248.82,travel,US,False,False
txn_0000011,card_00695,2026-01-15T03:03:09Z,315.17,utilities,AE,True,False
txn_0000012,card_00086,2026-01-27T00:24:53Z,235.4,online_retail,SG,False,False
txn_0000013,card_00027,2026-01-23T11:30:37Z,122.66,pharmacy,US,True,True
txn_0000014,card_00350,2026-01-10T04:39:50Z,8.79,grocery,US,True,False
txn_0000015,card_00266,2026-01-01T06:48:20Z,175.25,pharmacy,SG,False,False
txn_0000016,card_00087,2026-01-03T04:04:30Z,59.74,online_retail,US,True,False
txn_0000017,card_00370,2026-01-19T11:08:07Z,43.77,atm_withdrawal,IN,False,False
txn_0000018,card_00322,2026-01-29T09:40:55Z,294.11,electronics,SG,False,False
txn_0000019,card_00742,2026-01-21T13:23:11Z,112.13,fuel,GB,False,False
txn_0000020,card_00861,2026-01-26T05:56:01Z,153.88,online_retail,AE,True,False
txn_0000021,card_00623,2026-01-29T17:41:01Z,427.45,entertainment,GB,True,False
txn_0000022,card_00895,2026-01-21T20:24:04Z,96.02,entertainment,IN,True,False
txn_0000023,card_00531,2026-01-15T17:27:39Z,143.14,restaurant,GB,True,True
txn_0000024,card_00803,2026-01-10T09:57:15Z,205.05,online_retail,AE,True,False
txn_0000025,card_00650,2026-01-14T01:32:44Z,258.69,utilities,DE,False,False
txn_0000026,card_00022,2026-01-20T20:32:46Z,33.19,online_retail,US,False,False
txn_0000027,card_00637,2026-01-16T16:48:16Z,799.78,pharmacy,DE,True,False
txn_0000028,card_00103,2026-01-21T09:19:29Z,69.58,grocery,DE,True,False
txn_0000029,card_00646,2026-01-06T01:52:02Z,27.36,electronics,US,True,False
txn_0000030,card_00783,2026-01-27T06:21:25Z,3.57,entertainment,SG,True,False
txn_0000031,card_00456,2026-01-08T16:40:43Z,102.3,electronics,US,False,False
txn_0000032,card_00674,2026-01-29T23:50:12Z,7.41,restaurant,SG,False,False
txn_0000033,card_00076,2026-01-08T23:47:08Z,18.42,travel,GB,False,False
txn_0000034,card_00638,2026-01-28T06:18:43Z,22.78,travel,GB,True,False
txn_0000035,card_00017,2026-01-20T05:28:39Z,53.78,fuel,IN,True,False
txn_0000036,card_00683,2026-01-21T13:45:26Z,67.95,pharmacy,IN,True,False
txn_0000037,card_00344,2026-01-30T14:37:14Z,16.1,entertainment,GB,False,False
txn_0000038,card_00550,2026-01-27T00:49:15Z,31.6,grocery,GB,False,False
txn_0000039,card_00218,2026-01-17T09:18:57Z,49.01,restaurant,AE,True,False
txn_0000040,card_00315,2026-01-15T07:16:55Z,72.41,entertainment,SG,True,False
txn_0000041,card_00852,2026-01-05T23:40:58Z,193.94,utilities,DE,True,False
txn_0000042,card_00670,2026-01-03T21:37:20Z,47.42,online_retail,US,True,False
txn_0000043,card_00867,2026-01-10T05:21:25Z,163.7,restaurant,SG,False,True
txn_0000044,card_00549,2026-01-30T18:24:38Z,89.53,restaurant,DE,False,False
txn_0000045,card_00040,2026-01-22T04:48:57Z,84.75,grocery,SG,False,False
txn_0000046,card_00323,2026-01-30T04:22:26Z,123.61,restaurant,GB,True,False
txn_0000047,card_00778,2026-01-09T03:53:38Z,1091.6,atm_withdrawal,US,True,False
txn_0000048,card_00081,2026-01-07T13:28:54Z,11.38,restaurant,IN,True,False
txn_0000049,card_00272,2026-01-27T03:59:49Z,549.38,online_retail,SG,False,False
txn_0000050,card_00263,2026-01-08T08:56:45Z,258.76,entertainment,AE,True,False
txn_0000051,card_00834,2026-01-23T04:03:24Z,340.02,restaurant,IN,True,False
txn_0000052,card_00294,2026-01-12T03:45:50Z,56.27,travel,AE,True,False
txn_0000053,card_00345,2026-01-30T17:34:11Z,36.57,grocery,AE,True,False
txn_0000054,card_00738,2026-01-30T02:59:50Z,128.88,atm_withdrawal,DE,False,False
txn_0000055,card_00278,2026-01-12T08:38:05Z,110.71,entertainment,DE,True,False
txn_0000056,card_00020,2026-01-18T01:43:06Z,15.93,grocery,IN,True,False
txn_0000057,card_00675,2026-01-16T20:51:47Z,139.27,entertainment,DE,False,False
txn_0000058,card_00638,2026-01-02T07:47:53Z,66.79,fuel,IN,True,False
txn_0000059,card_00695,2026-01-05T22:19:39Z,178.72,online_retail,IN,False,False
txn_0000060,card_00526,2026-01-06T22:30:05Z,257.14,pharmacy,US,True,False
txn_0000061,card_00002,2026-01-06T00:59:17Z,134.91,electronics,IN,True,False
txn_0000062,card_00030,2026-01-25T04:47:55Z,236.65,utilities,SG,True,False
txn_0000063,card_00345,2026-01-13T17:05:35Z,265.09,electronics,IN,True,False
txn_0000064,card_00599,2026-01-27T04:25:39Z,183.79,pharmacy,US,True,False
txn_0000065,card_00712,2026-01-27T03:56:10Z,157.13,utilities,AE,False,False
txn_0000066,card_00226,2026-01-09T12:32:40Z,18.36,utilities,SG,False,False
txn_0000067,card_00685,2026-01-09T19:57:47Z,65.42,online_retail,DE,False,False
txn_0000068,card_00745,2026-01-19T02:49:57Z,401.78,restaurant,US,True,False
txn_0000069,card_00496,2026-01-04T13:21:06Z,4.49,fuel,AE,True,False
txn_0000070,card_00006,2026-01-20T11:22:01Z,156.03,pharmacy,SG,True,False
txn_0000071,card_00417,2026-01-29T06:27:41Z,273.04,utilities,AE,True,False
txn_0000072,card_00282,2026-01-19T09:21:36Z,61.64,online_retail,US,True,False
txn_0000073,card_00759,2026-01-28T00:47:35Z,23.98,grocery,SG,False,False
txn_0000074,card_00849,2026-01-13T02:23:44Z,210.25,utilities,IN,False,False
txn_0000075,card_00287,2026-01-04T07:23:38Z,67.75,entertainment,AE,False,False
txn_0000076,card_00424,2026-01-24T23:41:40Z,144.21,utilities,SG,True,False
txn_0000077,card_00548,2026-01-29T16:01:02Z,70.98,electronics,US,False,False
txn_0000078,card_00640,2026-01-19T22:10:42Z,115.88,fuel,SG,False,False
txn_0000079,card_00352,2026-01-30T09:55:28Z,249.03,atm_withdrawal,US,True,False
txn_0000080,card_00473,2026-01-13T06:34:43Z,1540.61,fuel,US,True,False
txn_0000081,card_00341,2026-01-04T19:53:45Z,107.52,travel,IN,False,False
txn_0000082,card_00540,2026-01-18T03:19:51Z,16.68,online_retail,IN,True,False
txn_0000083,card_00610,2026-01-07T10:02:00Z,196.94,electronics,US,False,False
txn_0000084,card_00201,2026-01-16T11:17:04Z,39.29,travel,SG,True,False
txn_0000085,card_00209,2026-01-16T12:06:25Z,199.33,entertainment,IN,False,True
txn_0000086,card_00021,2026-01-17T16:04:10Z,121.21,restaurant,IN,False,False
txn_0000087,card_00539,2026-01-03T21:09:14Z,213.74,restaurant,IN,True,False
txn_0000088,card_00885,2026-01-10T01:48:16Z,425.4,restaurant,IN,False,False
txn_0000089,card_00282,2026-01-13T13:57:36Z,34.88,electronics,IN,False,False
txn_0000090,card_00515,2026-01-23T21:05:18Z,9.82,travel,GB,False,False
txn_0000091,card_00456,2026-01-25T01:12:33Z,241.51,pharmacy,AE,True,False
txn_0000092,card_00571,2026-01-26T23:06:21Z,24.53,utilities,SG,True,False
txn_0000093,card_00224,2026-01-05T01:04:13Z,44.62,online_retail,GB,False,False
txn_0000094,card_00786,2026-01-19T04:46:01Z,372.12,atm_withdrawal,SG,True,False
txn_0000095,card_00205,2026-01-18T08:18:34Z,181.94,entertainment,US,True,False
txn_0000096,card_00044,2026-01-09T14:17:43Z,215.44,electronics,DE,True,False
txn_0000097,card_00133,2026-01-27T00:41:13Z,31.17,atm_withdrawal,DE,True,False
txn_0000098,card_00058,2026-01-04T19:42:26Z,47.53,travel,SG,True,False
txn_0000099,card_00097,2026-01-05T19:50:18Z,355.99,pharmacy,DE,False,False
txn_0000100,card_00128,2026-01-14T02:24:04Z,103.1,utilities,DE,False,False
txn_0000101,card_00062,2026-01-16T15:17:39Z,8.99,fuel,DE,False,False
txn_0000102,card_00862,2026-01-13T23:06:07Z,179.34,entertainment,AE,True,False
txn_0000103,card_00528,2026-01-27T17:02:46Z,84.5,utilities,AE,True,False
txn_0000104,card_00624,2026-01-11T00:59:30Z,286.15,travel,GB,True,False
txn_0000105,card_00836,2026-01-07T03:36:37Z,139.58,travel,GB,False,False
txn_0000106,card_00585,2026-01-14T21:32:51Z,28.95,grocery,SG,True,False
txn_0000107,card_00529,2026-01-28T03:43:37Z,105.84,travel,IN,False,False
txn_0000108,card_00004,2026-01-10T14:23:05Z,135.58,atm_withdrawal,SG,False,False
txn_0000109,card_00404,2026-01-04T23:47:40Z,142.18,online_retail,AE,True,False
txn_0000110,card_00637,2026-01-26T15:55:56Z,22.38,entertainment,IN,False,False
txn_0000111,card_00615,2026-01-13T17:54:53Z,50.86,travel,AE,True,False
txn_0000112,card_00674,2026-01-28T00:46:35Z,83.75,restaurant,AE,False,False
txn_0000113,card_00488,2026-01-26T15:01:29Z,67.16,electronics,AE,False,False
txn_0000114,card_00491,2026-01-03T00:56:26Z,94.82,pharmacy,GB,False,False
txn_0000115,card_00576,2026-01-12T04:48:11Z,35.25,restaurant,GB,False,False
txn_0000116,card_00480,2026-01-14T12:32:18Z,208.78,utilities,DE,False,True
txn_0000117,card_00208,2026-01-21T19:17:10Z,88.6,atm_withdrawal,DE,True,False
txn_0000118,card_00365,2026-01-11T10:01:46Z,236.01,fuel,IN,False,False
txn_0000119,card_00827,2026-01-11T07:01:57Z,335.19,fuel,GB,False,False
txn_0000120,card_00795,2026-01-22T22:34:13Z,58.56,travel,GB,True,False
txn_0000121,card_00746,2026-01-03T17:04:44Z,426.16,entertainment,SG,False,False
txn_0000122,card_00219,2026-01-11T18:42:45Z,319.62,pharmacy,AE,False,False
txn_0000123,card_00440,2026-01-25T06:52:31Z,81.53,electronics,DE,True,False
txn_0000124,card_00035,2026-01-01T06:21:49Z,30.61,online_retail,AE,True,False
txn_0000125,card_00319,2026-01-20T00:35:30Z,44.41,online_retail,IN,True,False
txn_0000126,card_00241,2026-01-13T19:16:01Z,101.01,fuel,IN,True,False
txn_0000127,card_00713,2026-01-28T04:19:17Z,14.52,atm_withdrawal,IN,False,False
txn_0000128,card_00175,2026-01-06T20:30:07Z,232.85,entertainment,US,False,False
txn_0000129,card_00388,2026-01-10T02:10:13Z,170.69,utilities,DE,True,False
txn_0000130,card_00293,2026-01-14T11:22:20Z,123.55,grocery,SG,False,False
txn_0000131,card_00764,2026-01-07T15:34:23Z,8.29,restaurant,GB,False,False
txn_0000132,card_00712,2026-01-30T07:44:34Z,39.86,online_retail,SG,False,False
txn_0000133,card_00551,2026-01-16T18:02:30Z,123.35,atm_withdrawal,SG,True,False
txn_0000134,card_00118,2026-01-26T07:16:12Z,149.04,utilities,US,False,False
txn_0000135,card_00819,2026-01-16T02:36:18Z,91.26,travel,US,False,False
txn_0000136,card_00166,2026-01-18T20:48:00Z,121.85,utilities,GB,False,False
txn_0000137,card_00803,2026-01-11T12:06:53Z,89.04,online_retail,DE,False,False
txn_0000138,card_00701,2026-01-01T23:48:11Z,146.23,electronics,US,False,False
txn_0000139,card_00057,2026-01-04T01:43:06Z,492.32,restaurant,GB,True,False
txn_0000140,card_00707,2026-01-14T02:04:01Z,33.41,grocery,GB,False,False
txn_0000141,card_00018,2026-01-11T16:05:49Z,131.45,travel,DE,True,False
txn_0000142,card_00523,2026-01-21T09:02:29Z,162.58,grocery,SG,True,False
txn_0000143,card_00598,2026-01-18T05:53:03Z,17.71,travel,IN,True,False
txn_0000144,card_00750,2026-01-29T01:22:47Z,80.8,restaurant,DE,True,False
txn_0000145,card_00555,2026-01-29T10:42:25Z,16.68,electronics,GB,True,False
txn_0000146,card_00621,2026-01-26T14:46:11Z,100.87,fuel,US,False,False
txn_0000147,card_00229,2026-01-16T22:48:36Z,113.32,pharmacy,SG,False,False
txn_0000148,card_00303,2026-01-23T19:56:06Z,389.82,travel,US,False,False
txn_0000149,card_00353,2026-01-03T09:47:49Z,52.42,travel,US,False,False
txn_0000150,card_00193,2026-01-10T14:52:59Z,143.24,restaurant,IN,True,False
txn_0000151,card_00791,2026-01-23T02:02:57Z,57.25,travel,DE,True,False
txn_0000152,card_00774,2026-01-09T08:21:34Z,120.0,restaurant,IN,True,False
txn_0000153,card_00551,2026-01-23T18:55:33Z,16.09,travel,AE,False,False
txn_0000154,card_00242,2026-01-06T11:24:32Z,150.39,atm_withdrawal,IN,True,False
txn_0000155,card_00411,2026-01-27T03:54:31Z,27.61,online_retail,GB,False,False
txn_0000156,card_00221,2026-01-30T06:46:04Z,25.03,pharmacy,US,True,False
txn_0000157,card_00289,2026-01-20T06:57:56Z,193.42,entertainment,US,False,False
txn_0000158,card_00371,2026-01-05T01:06:45Z,14.12,fuel,DE,False,False
txn_0000159,card_00024,2026-01-27T04:53:58Z,59.54,pharmacy,DE,True,False
txn_0000160,card_00636,2026-01-13T07:03:23Z,577.74,travel,US,False,False
txn_0000161,card_00112,2026-01-03T09:53:57Z,43.9,online_retail,US,True,False
txn_0000162,card_00841,2026-01-22T03:46:01Z,87.98,online_retail,SG,True,False
txn_0000163,card_00159,2026-01-22T01:14:53Z,107.44,travel,GB,True,False
txn_0000164,card_00077,2026-01-25T23:15:07Z,71.56,electronics,GB,True,False
txn_0000165,card_00421,2026-01-10T03:30:02Z,90.44,travel,GB,False,False
txn_0000166,card_00848,2026-01-20T23:20:50Z,223.66,fuel,DE,False,False
txn_0000167,card_00788,2026-01-08T12:50:19Z,67.43,entertainment,GB,False,False
txn_0000168,card_00782,2026-01-11T12:29:46Z,74.54,online_retail,GB,False,False
txn_0000169,card_00129,2026-01-30T03:23:20Z,696.63,grocery,DE,True,False
txn_0000170,card_00830,2026-01-23T23:27:51Z,83.71,pharmacy,GB,True,False
txn_0000171,card_00192,2026-01-29T02:34:39Z,149.81,electronics,AE,False,False
txn_0000172,card_00693,2026-01-22T12:44:26Z,59.27,atm_withdrawal,US,False,False
txn_0000173,card_00819,2026-01-24T15:01:04Z,121.34,fuel,AE,False,False
txn_0000174,card_00826,2026-01-21T13:52:29Z,23.67,entertainment,SG,False,False
txn_0000175,card_00223,2026-01-01T18:12:04Z,55.79,online_retail,DE,False,False
txn_0000176,card_00597,2026-01-24T02:52:47Z,156.92,electronics,DE,True,False
txn_0000177,card_00825,2026-01-08T11:48:35Z,534.7,electronics,GB,True,True
txn_0000178,card_00539,2026-01-06T22:10:46Z,39.55,pharmacy,DE,True,False
txn_0000179,card_00149,2026-01-14T01:09:29Z,84.9,grocery,SG,False,False
txn_0000180,card_00068,2026-01-28T00:34:07Z,25.05,pharmacy,GB,False,False
txn_0000181,card_00167,2026-01-03T15:02:56Z,38.02,online_retail,IN,False,False
txn_0000182,card_00469,2026-01-07T04:00:59Z,15.66,entertainment,GB,True,False
txn_0000183,card_00155,2026-01-09T11:42:52Z,172.53,atm_withdrawal,IN,True,False
txn_0000184,card_00717,2026-01-30T06:59:15Z,22.74,pharmacy,IN,False,False
txn_0000185,card_00082,2026-01-20T00:17:07Z,17.29,pharmacy,DE,True,False
txn_0000186,card_00188,2026-01-11T03:07:24Z,21.42,utilities,DE,False,False
txn_0000187,card_00682,2026-01-28T13:50:31Z,149.55,utilities,AE,True,False
txn_0000188,card_00591,2026-01-17T03:38:56Z,15.53,online_retail,IN,False,False
txn_0000189,card_00065,2026-01-26T17:51:06Z,16.96,electronics,US,True,False
txn_0000190,card_00313,2026-01-11T01:38:26Z,313.55,grocery,AE,True,True
txn_0000191,card_00230,2026-01-11T08:26:40Z,30.58,entertainment,SG,False,False
txn_0000192,card_00115,2026-01-07T01:28:12Z,34.69,utilities,US,True,False
txn_0000193,card_00150,2026-01-20T02:14:48Z,232.63,fuel,DE,False,False
txn_0000194,card_00694,2026-01-24T15:45:49Z,159.97,entertainment,IN,False,False
txn_0000195,card_00267,2026-01-02T07:51:53Z,98.7,entertainment,SG,True,False
txn_0000196,card_00113,2026-01-08T21:26:26Z,25.28,online_retail,US,True,False
txn_0000197,card_00886,2026-01-21T17:51:22Z,28.73,utilities,IN,True,False
txn_0000198,card_00261,2026-01-25T01:47:31Z,43.15,online_retail,DE,True,False
txn_0000199,card_00798,2026-01-21T20:56:33Z,103.65,entertainment,AE,True,False
txn_0000200,card_00259,2026-01-01T12:48:42Z,531.83,fuel,IN,True,False
txn_0000201,card_00269,2026-01-02T23:24:38Z,28.86,entertainment,GB,False,False
txn_0000202,card_00093,2026-01-26T12:17:07Z,1052.5,utilities,GB,False,False
txn_0000203,card_00509,2026-01-26T10:19:52Z,21.18,restaurant,SG,True,False
txn_0000204,card_00081,2026-01-21T08:12:36Z,134.6,entertainment,AE,False,False
txn_0000205,card_00554,2026-01-10T03:39:06Z,556.23,pharmacy,IN,True,False
txn_0000206,card_00501,2026-01-07T17:18:42Z,120.65,pharmacy,SG,False,False
txn_0000207,card_00056,2026-01-29T04:26:03Z,57.09,utilities,DE,True,False
txn_0000208,card_00419,2026-01-29T07:15:22Z,191.02,fuel,AE,True,False
txn_0000209,card_00201,2026-01-18T04:29:06Z,11.24,entertainment,SG,True,False
txn_0000210,card_00124,2026-01-07T19:47:57Z,487.03,utilities,SG,False,False
txn_0000211,card_00331,2026-01-27T06:45:25Z,131.91,electronics,AE,True,False
txn_0000212,card_00157,2026-01-09T12:58:26Z,24.71,travel,IN,True,False
txn_0000213,card_00017,2026-01-14T19:54:52Z,125.57,pharmacy,AE,True,False
txn_0000214,card_00242,2026-01-07T12:52:11Z,2.4,online_retail,AE,True,False
txn_0000215,card_00077,2026-01-09T09:55:39Z,326.07,travel,DE,True,False
txn_0000216,card_00479,2026-01-17T01:25:45Z,89.41,electronics,IN,False,False
txn_0000217,card_00468,2026-01-01T10:39:01Z,60.12,entertainment,AE,True,False
txn_0000218,card_00053,2026-01-20T17:06:09Z,35.25,atm_withdrawal,SG,True,False
txn_0000219,card_00199,2026-01-09T23:32:02Z,244.64,utilities,DE,True,False
txn_0000220,card_00264,2026-01-09T01:20:48Z,389.86,fuel,DE,False,False
txn_0000221,card_00636,2026-01-22T23:23:28Z,43.89,restaurant,AE,False,False
txn_0000222,card_00875,2026-01-07T19:47:31Z,246.9,grocery,IN,False,False
txn_0000223,card_00767,2026-01-13T05:55:53Z,133.32,entertainment,DE,False,False
txn_0000224,card_00762,2026-01-01T01:02:15Z,59.21,electronics,GB,False,False
txn_0000225,card_00859,2026-01-24T09:37:19Z,193.58,electronics,SG,False,False
txn_0000226,card_00019,2026-01-01T01:35:08Z,262.19,electronics,GB,False,False
txn_0000227,card_00080,2026-01-26T11:26:29Z,37.86,entertainment,SG,True,False
txn_0000228,card_00337,2026-01-30T04:50:19Z,12.14,utilities,SG,False,False
txn_0000229,card_00444,2026-01-28T13:59:51Z,109.31,online_retail,GB,False,False
txn_0000230,card_00695,2026-01-17T14:47:05Z,448.65,grocery,DE,True,False
txn_0000231,card_00792,2026-01-25T12:00:33Z,24.89,entertainment,IN,True,False
txn_0000232,card_00392,2026-01-30T23:42:44Z,60.14,utilities,US,True,False
txn_0000233,card_00886,2026-01-05T15:15:53Z,34.73,electronics,US,True,False
txn_0000234,card_00717,2026-01-15T07:27:02Z,8.46,fuel,US,False,False
txn_0000235,card_00216,2026-01-27T17:53:46Z,24.59,fuel,AE,False,False
txn_0000236,card_00317,2026-01-22T19:30:55Z,76.14,entertainment,US,False,False
txn_0000237,card_00770,2026-01-29T14:23:50Z,46.84,restaurant,SG,False,False
txn_0000238,card_00118,2026-01-19T15:44:57Z,17.78,utilities,IN,False,False
txn_0000239,card_00131,2026-01-25T03:38:23Z,31.59,entertainment,SG,False,False
txn_0000240,card_00251,2026-01-04T07:11:14Z,21.7,pharmacy,DE,True,False
txn_0000241,card_00576,2026-01-09T10:36:15Z,24.68,fuel,GB,False,False
txn_0000242,card_00483,2026-01-10T02:13:28Z,127.18,electronics,GB,False,False
txn_0000243,card_00343,2026-01-21T16:06:20Z,31.09,travel,IN,True,False
txn_0000244,card_00200,2026-01-29T10:12:19Z,122.18,electronics,AE,True,False
txn_0000245,card_00693,2026-01-27T16:17:34Z,169.88,atm_withdrawal,GB,False,False
txn_0000246,card_00150,2026-01-19T21:30:09Z,26.8,utilities,IN,False,False
txn_0000247,card_00011,2026-01-23T18:23:22Z,80.76,atm_withdrawal,SG,False,False
txn_0000248,card_00702,2026-01-13T17:40:23Z,40.0,electronics,SG,True,False
txn_0000249,card_00182,2026-01-11T12:07:01Z,103.25,restaurant,AE,False,False
txn_0000250,card_00477,2026-01-27T09:53:07Z,110.11,grocery,IN,True,False
txn_0000251,card_00337,2026-01-03T04:55:15Z,63.07,pharmacy,DE,False,False
txn_0000252,card_00279,2026-01-06T21:33:47Z,120.96,grocery,DE,True,False
txn_0000253,card_00082,2026-01-10T10:40:46Z,57.84,travel,IN,False,False
txn_0000254,card_00692,2026-01-23T22:30:48Z,737.76,fuel,IN,False,True
txn_0000255,card_00225,2026-01-18T10:00:58Z,318.09,travel,DE,False,False
txn_0000256,card_00597,2026-01-30T07:06:14Z,78.14,online_retail,AE,False,False
txn_0000257,card_00635,2026-01-04T10:17:32Z,77.9,utilities,IN,False,False
txn_0000258,card_00410,2026-01-29T09:58:30Z,49.01,online_retail,GB,False,False
txn_0000259,card_00675,2026-01-11T08:45:02Z,11.72,online_retail,IN,True,False
txn_0000260,card_00673,2026-01-30T06:56:15Z,95.88,travel,US,True,False
txn_0000261,card_00814,2026-01-11T08:02:34Z,113.91,electronics,DE,False,False
txn_0000262,card_00540,2026-01-30T18:14:51Z,51.14,utilities,AE,False,False
txn_0000263,card_00898,2026-01-05T01:23:33Z,61.96,grocery,US,False,False
txn_0000264,card_00881,2026-01-16T19:53:12Z,344.02,restaurant,US,False,False
txn_0000265,card_00669,2026-01-01T21:22:49Z,484.89,entertainment,SG,False,False
txn_0000266,card_00800,2026-01-06T00:57:12Z,151.19,restaurant,DE,False,False
txn_0000267,card_00483,2026-01-02T04:07:22Z,2.19,grocery,SG,False,False
txn_0000268,card_00072,2026-01-30T10:56:10Z,49.66,entertainment,IN,True,False
txn_0000269,card_00198,2026-01-11T01:27:49Z,14.85,online_retail,SG,False,False
txn_0000270,card_00841,2026-01-07T05:55:21Z,221.91,entertainment,SG,False,False
txn_0000271,card_00881,2026-01-30T21:44:43Z,31.95,travel,US,False,False
txn_0000272,card_00135,2026-01-29T03:17:51Z,42.85,restaurant,IN,True,False
txn_0000273,card_00145,2026-01-20T09:09:32Z,42.02,pharmacy,US,True,False
txn_0000274,card_00720,2026-01-10T07:42:11Z,15.64,pharmacy,SG,False,False
txn_0000275,card_00741,2026-01-15T09:28:31Z,54.47,travel,GB,False,False
txn_0000276,card_00109,2026-01-18T14:48:33Z,91.68,pharmacy,SG,False,False
txn_0000277,card_00615,2026-01-28T12:47:54Z,196.26,travel,AE,True,False
txn_0000278,card_00120,2026-01-02T02:02:48Z,77.52,entertainment,SG,True,False
txn_0000279,card_00186,2026-01-14T04:04:18Z,7.54,entertainment,GB,False,False
txn_0000280,card_00653,2026-01-26T00:19:08Z,14.03,pharmacy,SG,False,False
txn_0000281,card_00351,2026-01-29T13:17:32Z,65.6,travel,GB,True,False
txn_0000282,card_00631,2026-01-09T08:54:11Z,80.66,online_retail,SG,True,False
txn_0000283,card_00031,2026-01-23T06:53:49Z,11.29,restaurant,US,True,False
txn_0000284,card_00732,2026-01-21T03:46:36Z,19.62,atm_withdrawal,IN,False,False
txn_0000285,card_00150,2026-01-03T17:02:59Z,22.61,utilities,AE,False,False
txn_0000286,card_00211,2026-01-30T08:33:40Z,76.82,online_retail,DE,True,False
txn_0000287,card_00740,2026-01-16T13:49:04Z,72.89,fuel,AE,False,False
txn_0000288,card_00378,2026-01-10T18:10:47Z,16.75,fuel,DE,True,False
txn_0000289,card_00868,2026-01-20T23:36:07Z,89.18,atm_withdrawal,GB,True,False
txn_0000290,card_00741,2026-01-08T01:41:51Z,19.97,online_retail,AE,False,False
txn_0000291,card_00481,2026-01-27T14:26:25Z,152.47,travel,GB,False,False
txn_0000292,card_00027,2026-01-12T09:44:56Z,48.88,travel,IN,False,False
txn_0000293,card_00298,2026-01-10T13:45:15Z,8.01,grocery,US,True,False
txn_0000294,card_00744,2026-01-05T18:12:22Z,15.85,travel,GB,False,False
txn_0000295,card_00286,2026-01-25T16:45:19Z,32.46,pharmacy,AE,True,False
txn_0000296,card_00427,2026-01-01T16:22:34Z,28.54,utilities,SG,True,False
txn_0000297,card_00483,2026-01-18T19:51:14Z,111.71,restaurant,DE,True,False
txn_0000298,card_00657,2026-01-30T16:56:04Z,49.49,pharmacy,SG,False,False
txn_0000299,card_00876,2026-01-19T10:44:07Z,148.41,utilities,GB,True,False
txn_0000300,card_00301,2026-01-22T07:58:42Z,516.68,travel,US,True,False
txn_0000301,card_00315,2026-01-15T06:36:40Z,864.02,grocery,AE,True,False
txn_0000302,card_00422,2026-01-22T14:37:36Z,83.32,fuel,IN,False,False
txn_0000303,card_00179,2026-01-08T18:15:02Z,12.06,online_retail,DE,False,False
txn_0000304,card_00112,2026-01-01T22:22:34Z,77.83,atm_withdrawal,AE,False,False
txn_0000305,card_00605,2026-01-30T11:41:49Z,116.62,restaurant,US,False,False
txn_0000306,card_00072,2026-01-17T07:41:00Z,177.25,pharmacy,AE,True,False
txn_0000307,card_00862,2026-01-02T02:09:28Z,57.41,pharmacy,AE,True,False
txn_0000308,card_00655,2026-01-22T08:50:25Z,91.96,utilities,US,False,False
txn_0000309,card_00148,2026-01-02T01:41:37Z,237.48,online_retail,AE,True,False
txn_0000310,card_00025,2026-01-12T04:58:35Z,135.32,electronics,SG,True,False
txn_0000311,card_00749,2026-01-24T01:44:54Z,52.24,pharmacy,US,False,False
txn_0000312,card_00367,2026-01-20T15:13:05Z,44.47,atm_withdrawal,IN,True,False
txn_0000313,card_00683,2026-01-01T14:34:00Z,46.23,atm_withdrawal,SG,True,False
txn_0000314,card_00420,2026-01-27T23:31:03Z,93.04,entertainment,US,False,False
txn_0000315,card_00216,2026-01-10T04:36:29Z,270.47,pharmacy,US,False,False
txn_0000316,card_00111,2026-01-02T21:19:37Z,15.25,utilities,GB,False,False
txn_0000317,card_00295,2026-01-26T05:30:02Z,158.65,entertainment,AE,True,False
txn_0000318,card_00851,2026-01-08T15:21:29Z,85.87,pharmacy,US,False,False
txn_0000319,card_00735,2026-01-26T23:55:10Z,214.0,utilities,IN,True,False
txn_0000320,card_00063,2026-01-11T21:58:38Z,16.97,fuel,US,False,False
txn_0000321,card_00339,2026-01-29T08:21:47Z,124.46,entertainment,IN,False,False
txn_0000322,card_00163,2026-01-03T23:13:27Z,34.96,online_retail,AE,True,False
txn_0000323,card_00218,2026-01-22T02:14:56Z,767.32,restaurant,GB,False,False
txn_0000324,card_00765,2026-01-03T07:06:33Z,77.89,atm_withdrawal,IN,False,False
txn_0000325,card_00453,2026-01-02T20:06:00Z,708.82,atm_withdrawal,IN,False,False
txn_0000326,card_00041,2026-01-15T18:47:04Z,59.03,online_retail,SG,True,False
txn_0000327,card_00828,2026-01-03T18:59:22Z,59.33,atm_withdrawal,AE,True,False
txn_0000328,card_00615,2026-01-04T22:18:14Z,333.06,entertainment,DE,True,False
txn_0000329,card_00650,2026-01-20T01:44:16Z,680.76,atm_withdrawal,US,True,False
txn_0000330,card_00860,2026-01-01T00:21:55Z,102.58,grocery,SG,True,False
txn_0000331,card_00065,2026-01-25T12:21:15Z,104.82,pharmacy,SG,False,False
txn_0000332,card_00508,2026-01-08T08:25:36Z,182.96,restaurant,AE,True,False
txn_0000333,card_00376,2026-01-07T21:30:00Z,26.1,grocery,IN,False,False
txn_0000334,card_00090,2026-01-08T12:35:31Z,85.58,fuel,SG,True,False
txn_0000335,card_00805,2026-01-14T04:20:42Z,145.25,grocery,US,True,False
txn_0000336,card_00106,2026-01-04T16:14:03Z,45.53,travel,AE,True,False
txn_0000337,card_00481,2026-01-30T19:43:29Z,68.61,atm_withdrawal,AE,False,False
txn_0000338,card_00137,2026-01-04T10:40:15Z,42.33,travel,DE,False,False
txn_0000339,card_00536,2026-01-09T01:16:07Z,35.35,electronics,US,True,False
txn_0000340,card_00094,2026-01-19T18:08:51Z,40.87,pharmacy,IN,True,False
txn_0000341,card_00425,2026-01-23T17:00:16Z,161.37,fuel,US,True,False
txn_0000342,card_00598,2026-01-11T17:58:48Z,86.12,atm_withdrawal,GB,True,False
txn_0000343,card_00137,2026-01-11T13:54:44Z,153.9,restaurant,AE,True,False
txn_0000344,card_00606,2026-01-13T21:31:03Z,40.95,grocery,US,False,False
txn_0000345,card_00614,2026-01-03T06:15:17Z,12.2,restaurant,AE,True,False
txn_0000346,card_00069,2026-01-13T06:16:21Z,24.77,atm_withdrawal,SG,True,False
txn_0000347,card_00129,2026-01-07T00:55:44Z,328.24,atm_withdrawal,AE,False,True
txn_0000348,card_00545,2026-01-14T05:55:07Z,74.13,pharmacy,GB,True,False
txn_0000349,card_00272,2026-01-28T13:35:16Z,15.16,online_retail,IN,False,False
txn_0000350,card_00722,2026-01-09T04:54:20Z,40.38,restaurant,US,True,False
txn_0000351,card_00545,2026-01-03T09:59:08Z,21.71,pharmacy,GB,False,False
txn_0000352,card_00381,2026-01-14T18:02:36Z,54.51,fuel,US,True,False
txn_0000353,card_00553,2026-01-26T11:28:03Z,10.72,online_retail,SG,False,False
txn_0000354,card_00757,2026-01-28T13:40:12Z,52.43,restaurant,DE,False,False
txn_0000355,card_00784,2026-01-02T00:31:34Z,193.08,travel,AE,True,False
txn_0000356,card_00736,2026-01-04T02:07:37Z,179.49,travel,DE,True,False
txn_0000357,card_00294,2026-01-20T10:23:05Z,39.25,restaurant,AE,True,False
txn_0000358,card_00827,2026-01-04T22:46:56Z,12.39,utilities,GB,False,False
txn_0000359,card_00099,2026-01-21T14:34:14Z,179.01,atm_withdrawal,SG,False,False
txn_0000360,card_00460,2026-01-18T20:12:26Z,37.41,travel,SG,False,False
txn_0000361,card_00075,2026-01-03T19:55:16Z,127.67,fuel,AE,False,False
txn_0000362,card_00364,2026-01-10T01:13:02Z,58.41,atm_withdrawal,AE,False,False
txn_0000363,card_00522,2026-01-09T11:32:28Z,154.5,pharmacy,DE,False,False
txn_0000364,card_00460,2026-01-13T08:48:02Z,54.14,fuel,DE,True,False
txn_0000365,card_00128,2026-01-13T01:31:32Z,18.73,grocery,US,False,False
txn_0000366,card_00480,2026-01-17T01:07:13Z,10.5,electronics,SG,False,False
txn_0000367,card_00238,2026-01-14T01:25:40Z,121.21,travel,IN,False,False
txn_0000368,card_00840,2026-01-23T21:32:07Z,41.84,travel,US,True,False
txn_0000369,card_00224,2026-01-07T15:01:38Z,41.32,utilities,GB,False,False
txn_0000370,card_00268,2026-01-24T05:14:23Z,10.07,pharmacy,GB,True,False
txn_0000371,card_00585,2026-01-29T11:07:25Z,306.88,pharmacy,IN,False,False
txn_0000372,card_00710,2026-01-26T02:30:52Z,551.68,utilities,IN,False,False
txn_0000373,card_00794,2026-01-09T07:45:08Z,41.77,restaurant,US,False,False
txn_0000374,card_00002,2026-01-22T22:32:34Z,158.1,online_retail,US,False,False
txn_0000375,card_00278,2026-01-07T20:01:13Z,24.96,online_retail,US,True,False
txn_0000376,card_00288,2026-01-01T16:26:25Z,51.9,pharmacy,SG,False,False
txn_0000377,card_00564,2026-01-18T22:30:22Z,69.94,restaurant,GB,False,False
txn_0000378,card_00725,2026-01-29T13:19:34Z,42.73,entertainment,IN,True,False
txn_0000379,card_00003,2026-01-14T04:21:38Z,129.16,pharmacy,GB,False,False
txn_0000380,card_00663,2026-01-05T08:29:52Z,65.08,fuel,AE,False,False
txn_0000381,card_00589,2026-01-11T12:06:42Z,16.44,travel,AE,True,True
txn_0000382,card_00827,2026-01-16T00:34:11Z,116.92,restaurant,IN,False,False
txn_0000383,card_00032,2026-01-15T05:47:30Z,48.28,entertainment,DE,True,False
txn_0000384,card_00742,2026-01-27T13:04:32Z,16.86,pharmacy,IN,True,False
txn_0000385,card_00553,2026-01-12T08:02:01Z,142.79,pharmacy,US,False,False
txn_0000386,card_00444,2026-01-05T13:39:20Z,315.39,travel,GB,True,False
txn_0000387,card_00304,2026-01-05T14:57:49Z,52.23,restaurant,IN,False,False
txn_0000388,card_00705,2026-01-08T08:22:43Z,124.69,restaurant,GB,False,False
txn_0000389,card_00676,2026-01-05T02:57:29Z,132.1,utilities,AE,True,False
txn_0000390,card_00218,2026-01-03T22:05:46Z,204.31,pharmacy,GB,True,False
txn_0000391,card_00320,2026-01-05T08:05:00Z,61.41,utilities,US,True,False
txn_0000392,card_00862,2026-01-24T17:16:26Z,37.47,pharmacy,SG,False,False
txn_0000393,card_00132,2026-01-30T17:51:07Z,118.34,fuel,AE,True,False
txn_0000394,card_00014,2026-01-27T20:43:48Z,46.09,travel,US,True,False
txn_0000395,card_00553,2026-01-21T07:19:22Z,4.9,restaurant,AE,True,False
txn_0000396,card_00239,2026-01-22T03:56:58Z,49.09,electronics,SG,False,False
txn_0000397,card_00437,2026-01-16T02:49:42Z,70.05,entertainment,SG,True,False
txn_0000398,card_00202,2026-01-19T23:00:20Z,133.37,grocery,SG,False,False
txn_0000399,card_00443,2026-01-03T23:35:18Z,71.68,online_retail,SG,False,False
txn_0000400,card_00150,2026-01-30T19:39:11Z,80.29,travel,DE,False,False
txn_0000401,card_00591,2026-01-12T23:04:46Z,49.09,restaurant,IN,True,False
txn_0000402,card_00511,2026-01-16T22:39:03Z,41.5,utilities,US,False,False
txn_0000403,card_00675,2026-01-30T07:19:53Z,11.94,grocery,US,False,False
txn_0000404,card_00613,2026-01-04T08:32:53Z,47.33,grocery,GB,True,False
txn_0000405,card_00584,2026-01-16T14:04:01Z,193.47,utilities,SG,False,False
txn_0000406,card_00753,2026-01-24T10:04:10Z,323.59,fuel,AE,False,False
txn_0000407,card_00512,2026-01-28T01:42:31Z,170.11,electronics,SG,True,False
txn_0000408,card_00696,2026-01-11T23:02:08Z,15.16,electronics,US,False,False
txn_0000409,card_00591,2026-01-11T20:29:59Z,119.48,utilities,DE,True,False
txn_0000410,card_00457,2026-01-25T13:43:13Z,129.34,online_retail,US,True,False
txn_0000411,card_00241,2026-01-04T09:35:29Z,101.95,utilities,DE,True,False
txn_0000412,card_00620,2026-01-16T00:37:36Z,36.73,travel,GB,True,False
txn_0000413,card_00599,2026-01-30T19:00:21Z,47.69,fuel,DE,True,False
txn_0000414,card_00624,2026-01-10T10:07:38Z,69.57,travel,DE,True,False
txn_0000415,card_00788,2026-01-25T19:41:09Z,11.21,online_retail,DE,False,False
txn_0000416,card_00392,2026-01-18T07:07:51Z,56.37,online_retail,US,True,False
txn_0000417,card_00153,2026-01-07T10:31:10Z,185.95,grocery,AE,False,False
txn_0000418,card_00108,2026-01-08T18:58:04Z,57.56,pharmacy,US,True,False
txn_0000419,card_00610,2026-01-09T02:31:59Z,180.41,entertainment,AE,True,False
txn_0000420,card_00836,2026-01-12T04:08:06Z,7.47,online_retail,GB,False,False
txn_0000421,card_00191,2026-01-11T18:46:16Z,94.66,online_retail,AE,False,False
txn_0000422,card_00197,2026-01-14T23:09:34Z,119.78,fuel,AE,False,False
txn_0000423,card_00767,2026-01-09T21:37:14Z,25.89,pharmacy,GB,True,False
txn_0000424,card_00179,2026-01-17T02:43:31Z,33.73,entertainment,GB,False,False
txn_0000425,card_00612,2026-01-22T01:11:21Z,295.65,grocery,DE,True,False
txn_0000426,card_00239,2026-01-05T19:33:09Z,8.4,grocery,DE,False,False
txn_0000427,card_00675,2026-01-13T15:37:25Z,18.11,grocery,DE,True,False
txn_0000428,card_00420,2026-01-09T13:08:06Z,16.59,pharmacy,IN,False,False
txn_0000429,card_00064,2026-01-07T02:05:35Z,3.16,pharmacy,AE,True,False
txn_0000430,card_00062,2026-01-24T03:20:02Z,314.31,grocery,IN,False,False
txn_0000431,card_00821,2026-01-29T16:06:27Z,28.71,electronics,SG,True,False
txn_0000432,card_00124,2026-01-27T05:45:26Z,10.0,entertainment,SG,True,False
txn_0000433,card_00309,2026-01-03T18:19:43Z,34.28,fuel,SG,True,False
txn_0000434,card_00416,2026-01-06T16:56:20Z,34.96,atm_withdrawal,GB,False,False
txn_0000435,card_00470,2026-01-27T03:38:52Z,31.64,grocery,AE,False,False
txn_0000436,card_00278,2026-01-20T10:48:13Z,54.52,entertainment,US,False,False
txn_0000437,card_00781,2026-01-29T02:21:47Z,47.74,atm_withdrawal,GB,True,False
txn_0000438,card_00570,2026-01-21T16:02:32Z,33.54,electronics,IN,True,False
txn_0000439,card_00364,2026-01-17T12:27:16Z,23.81,entertainment,AE,False,False
txn_0000440,card_00436,2026-01-17T11:37:33Z,36.15,grocery,AE,False,False
txn_0000441,card_00081,2026-01-21T05:36:11Z,124.11,electronics,AE,False,False
txn_0000442,card_00443,2026-01-21T08:01:20Z,30.85,utilities,GB,False,False
txn_0000443,card_00581,2026-01-26T19:10:50Z,152.43,travel,US,True,False
txn_0000444,card_00253,2026-01-19T11:37:51Z,306.92,restaurant,AE,False,False
txn_0000445,card_00302,2026-01-10T11:48:35Z,436.53,restaurant,US,True,True
txn_0000446,card_00051,2026-01-23T17:55:35Z,205.18,fuel,SG,True,False
txn_0000447,card_00719,2026-01-18T00:16:07Z,153.01,grocery,DE,False,False
txn_0000448,card_00859,2026-01-11T23:25:06Z,77.51,pharmacy,SG,False,False
txn_0000449,card_00047,2026-01-01T01:20:24Z,50.79,fuel,GB,False,False
txn_0000450,card_00620,2026-01-05T20:05:54Z,30.34,entertainment,US,True,False
txn_0000451,card_00900,2026-01-02T21:09:47Z,667.39,utilities,DE,False,False
txn_0000452,card_00049,2026-01-20T00:45:44Z,182.19,restaurant,GB,False,False
txn_0000453,card_00555,2026-01-28T23:53:17Z,52.47,electronics,SG,True,False
txn_0000454,card_00511,2026-01-28T15:43:21Z,80.63,utilities,AE,True,False
txn_0000455,card_00421,2026-01-17T07:47:07Z,40.41,travel,SG,False,False
txn_0000456,card_00764,2026-01-28T12:37:32Z,71.12,electronics,GB,False,False
txn_0000457,card_00347,2026-01-13T03:23:59Z,1091.12,entertainment,SG,False,False
txn_0000458,card_00288,2026-01-22T19:06:36Z,68.7,online_retail,SG,True,False
txn_0000459,card_00355,2026-01-30T02:38:17Z,28.34,atm_withdrawal,SG,False,False
txn_0000460,card_00318,2026-01-17T23:55:53Z,749.43,grocery,AE,True,False
txn_0000461,card_00688,2026-01-12T20:52:42Z,157.46,utilities,US,True,False
txn_0000462,card_00450,2026-01-15T17:28:51Z,252.12,grocery,GB,True,False
txn_0000463,card_00822,2026-01-29T16:08:29Z,36.7,utilities,SG,True,False
txn_0000464,card_00378,2026-01-25T01:14:11Z,90.62,pharmacy,GB,True,False
txn_0000465,card_00801,2026-01-22T08:12:51Z,223.37,electronics,SG,True,False
txn_0000466,card_00408,2026-01-11T22:13:12Z,254.72,entertainment,SG,True,False
txn_0000467,card_00442,2026-01-05T12:19:31Z,185.34,pharmacy,AE,False,False
txn_0000468,card_00751,2026-01-17T03:34:54Z,15.41,utilities,AE,True,False
txn_0000469,card_00585,2026-01-02T03:58:30Z,30.24,fuel,IN,False,False
txn_0000470,card_00113,2026-01-01T19:22:22Z,126.17,grocery,IN,False,False
txn_0000471,card_00886,2026-01-21T00:43:38Z,38.31,pharmacy,US,False,False
txn_0000472,card_00392,2026-01-25T09:53:03Z,88.38,travel,IN,True,False
txn_0000473,card_00886,2026-01-22T22:22:39Z,43.28,pharmacy,GB,True,True
txn_0000474,card_00885,2026-01-05T04:08:22Z,13.3,electronics,IN,True,False
txn_0000475,card_00226,2026-01-29T18:34:12Z,116.7,restaurant,DE,False,False
txn_0000476,card_00497,2026-01-26T04:20:29Z,101.98,electronics,DE,False,False
txn_0000477,card_00531,2026-01-10T09:39:38Z,36.14,utilities,US,True,False
txn_0000478,card_00060,2026-01-07T21:54:46Z,175.99,online_retail,IN,True,False
txn_0000479,card_00576,2026-01-29T01:46:52Z,15.03,utilities,US,True,False
txn_0000480,card_00216,2026-01-07T17:58:52Z,33.93,electronics,SG,True,False
txn_0000481,card_00665,2026-01-02T07:18:54Z,371.68,restaurant,DE,False,False
txn_0000482,card_00051,2026-01-03T12:20:11Z,59.17,entertainment,US,False,False
txn_0000483,card_00797,2026-01-24T08:48:19Z,44.0,restaurant,IN,False,False
txn_0000484,card_00272,2026-01-06T21:50:24Z,44.54,atm_withdrawal,SG,True,False
txn_0000485,card_00573,2026-01-07T03:14:51Z,17.51,fuel,GB,True,False
txn_0000486,card_00899,2026-01-24T19:46:00Z,157.56,pharmacy,AE,False,False
txn_0000487,card_00212,2026-01-13T06:32:18Z,14.81,fuel,IN,True,False
txn_0000488,card_00594,2026-01-24T13:54:47Z,18.76,entertainment,SG,True,False
txn_0000489,card_00661,2026-01-10T16:09:09Z,179.85,online_retail,SG,False,False
txn_0000490,card_00848,2026-01-22T13:36:50Z,18.59,pharmacy,IN,True,False
txn_0000491,card_00895,2026-01-16T14:21:43Z,58.46,travel,GB,False,False
txn_0000492,card_00380,2026-01-24T15:37:23Z,28.36,online_retail,IN,True,False
txn_0000493,card_00285,2026-01-04T05:43:39Z,99.35,pharmacy,US,False,False
txn_0000494,card_00321,2026-01-25T09:47:52Z,311.59,fuel,US,True,False
txn_0000495,card_00032,2026-01-04T00:28:19Z,201.32,online_retail,IN,True,True
txn_0000496,card_00559,2026-01-17T07:09:27Z,17.28,online_retail,GB,False,False
txn_0000497,card_00002,2026-01-09T20:39:09Z,184.84,atm_withdrawal,US,False,False
txn_0000498,card_00585,2026-01-01T21:44:02Z,130.73,grocery,DE,False,False
txn_0000499,card_00897,2026-01-19T16:15:34Z,38.09,pharmacy,GB,True,False
